Quero acessar, solicitar_acesso
permitir acesso, solicitar_acesso
me dê acesso ao SAP ERP, solicitar_acesso
me dê acesso ao sistema SAP ERP, solicitar_acesso
Como obtenho acesso ao aplicativo de faturamento?, solicitar_acesso
Como enviar uma solicitação de acesso ao aplicativo?, solicitar_acesso
Não consigo encontrar a pasta Box, solicitar_acesso
Preciso de acesso ao Sistema, solicitar_acesso
Eu preciso ver os relatórios de vendas. Adicione-me à lista de usuários permitidos, solicitar_acesso
Eu quero os direitos para acessar o Salesforce, solicitar_acesso
Me deixa entrar, solicitar_acesso
Preciso chegar ao aplicativo RH, solicitar_acesso
Com quem entro em contato para solicitar acesso a um aplicativo?, solicitar_acesso
Por que recebo uma mensagem de erro não permitida ao acessar o portal?, solicitar_acesso